[

    {
        "title": "Dosja '5D' fraksioni II/ Dhanë tenderin e “Tirana Parking” dhe “Klubi Sportiv Tirana” dy ish drejtorëve! SPAK çon në gjyq 9 zyrtarët e bashkisë Tiranë",
        "location": "Tiranë",
        "weather": {
            "temperature": 14.51,
            "description": "broken clouds"
        }
    },

    {
        "title": "Sot sondazhi në Report Tv/ Si ndahen mandatet në Elbasan, Fier, Berat, Korçë e Vlorë! Si do të ishte vota e emigrantëve në këto 5 qarqe",
        "location": "Fier",
        "weather": {
            "temperature": 13.77,
            "description": "clear sky"
        }
    },
    {
        "title": "E rëndë/ 12 vjeçari humb jetën në spitalin e Tiranës, I mituri nga Maliqi u transportua me urgjencë nga spitali i Korçës",
        "location": "Tiranë",
        "weather": {
            "temperature": 14.51,
            "description": "broken clouds"
        }
    },
    {
        "title": "Tiranë/ U padit për shpifje nga OSHEE, Gjykata e Posaçme shpall të pafajshëm Gazment Bardhin! Deklaroi në tetor se u manipulua përqindja e humbjes së energjisë në rrjet",
        "location": "Tiranë",
        "weather": {
            "temperature": 14.51,
            "description": "broken clouds"
        }
    },
    {
        "title": "Video e dhunës barbare ndaj 48 vjeçarit në një berberhane në Tiranë! Biznesmeni Tur Koçeku e 5 nga fisi akuzohen se morën hak për sherrin e bujshëm në Palasë",
        "location": "Tiranë",
        "weather": {
            "temperature": 14.51,
            "description": "broken clouds"
        }
    },
    {
        "title": "Në kërkim se organizoi dhunën barbare ndaj 48 vjeçarit në Tiranë, ja bizneset e Luçiano Koçekut! U dhunua në Palasë gushtin e kaluar",
        "location": "Tiranë",
        "weather": {
            "temperature": 14.51,
            "description": "broken clouds"
        }
    },
    
    {
        "title": "Vrasja e Ramazan Matajt në Shkodër, njëri nga vëllezërit pranon...",
        "location": "Shkodër",
        "weather": {
            "temperature": 14.97,
            "description": "broken clouds"
        }
    },
    {
        "title": "Elbasan/ Korrupsion, përndjekje dhe pagesë karburanti me para false, nën akuzë laboranti i spitalit dhe 2 të tjerë",
        "location": "Elbasan",
        "weather": {
            "temperature": 13.36,
            "description": "clear sky"
        }
    },

    {
        "title": "Aktivitetet kulturore/ ‘Lezetet e mëkatit bashkëshortor’ tek Eksperimentali, vijon e hapur ekspozita ‘George Crewdson’ në muzeun Marubi Shkodër",
        "location": "Shkodër",
        "weather": {
            "temperature": 14.97,
            "description": "broken clouds"
        }
    },

    {
        "title": "Shkodër/ Qarkullonte me kallashnikov me vete, arrestohet 56-vjeçari në fshatin Vrakë (EMRI+VIDEO)",
        "location": "Shkodër",
        "weather": {
            "temperature": 14.97,
            "description": "broken clouds"
        }
    },

    {
        "title": "Tiranë/ Shiste lëndë narkotike, arrestohet 28-vjeçari! Kur pa policinë tentoi të shpërbënte...",
        "location": "Tiranë",
        "weather": {
            "temperature": 14.51,
            "description": "broken clouds"
        }
    },

    {
        "title": "Lazio lë të lirë Elseid Hysajn me një kusht, mbrojtësi gjen akordin me klubin e ri",
        "location": "Location not found",
        "weather": "Invalid location"
    },
    {
        "title": "Trump këmbëngul në ambiciet territoriale, publikon hartën ku Kanadaja është pjesë e SHBA-së",
        "location": "Location not found",
        "weather": "Invalid location"
    },
    {
        "title": "'700 +1 kWh',  ja si paguhet fatura e çmimit të energjisë elektrike",
        "location": "Location not found",
        "weather": "Invalid location"
    },
    {
        "title": "Opinion",
        "location": "Location not found",
        "weather": "Invalid location"
    },
    {
        "title": "Enver Robelli: Sërish vjen 10 shkurti",
        "location": "Location not found",
        "weather": "Invalid location"
    },
    {
        "title": "Lorenc Vangjeli: SPAK, ndëshkimi penal dhe zgjidhja politike",
        "location": "Location not found",
        "weather": "Invalid location"
    },
    {
        "title": "Ylli Pata: 2024, viti i rënies së Ilir Metës",
        "location": "Location not found",
        "weather": "Invalid location"
    },
    {
        "title": "Ilir Yzeiri: Një vit që ikën dhe një tjetër që vjen",
        "location": "Location not found",
        "weather": "Invalid location"
    },
   

    {
        "title": "Merkato e Superligës/ Dinamo prezanton Jonuzin, Egnatia i merr portierin Laçit dhe pret Xhixhën",
        "location": "Location not found",
        "weather": "Invalid location"
    },
    {
        "title": "Vip & Spektakel",
        "location": "Location not found",
        "weather": "Invalid location"
    },
    {
        "title": "Receta",
        "location": "Location not found",
        "weather": "Invalid location"
    },
    {
        "title": "Life style",
        "location": "Location not found",
        "weather": "Invalid location"
    },
    {
        "title": "Shendet",
        "location": "Location not found",
        "weather": "Invalid location"
    },
    {
        "title": "2-vjeçari me tumor 10 ditë pa kimio se nuk kishte ilaç në QSUT, Ministria e Shëndetësisë e gjen pas presionit mediatik! Burime: ‘Actinomycin D’ mungonte në treg prej 2006",
        "location": "Location not found",
        "weather": "Invalid location"
    },
    {
        "title": "Denoncimi/ 2-vjeçari me tumor në bark nuk nis dot kimioterapinë, mungon medikamenti ‘Actinomycin D’ në QSUT",
        "location": "Location not found",
        "weather": "Invalid location"
    },
    {
        "title": "Lajme te tjera",
        "location": "Location not found",
        "weather": "Invalid location"
    },
    {
        "title": "Drejt punes",
        "location": "Location not found",
        "weather": "Invalid location"
    },
    {
        "title": "Sociale",
        "location": "Location not found",
        "weather": "Invalid location"
    },
    {
        "title": "Foto Galeri",
        "location": "Location not found",
        "weather": "Invalid location"
    },
    {
        "title": "Lajme te tjera",
        "location": "Location not found",
        "weather": "Invalid location"
    }
]